id;ident;name;email;cost_hour;password_hash;tipo_user;is_active;online;photo_url;upload;description
1;scalable;Small;Henri.Rutherford@hotmail.com;29348;Jewelery;19884;true;true;1080p Checking Account Identity;Frozen IB;../fake-data/blob/hipster.txt
2;Highway Ergonomic;moratorium moratorium;Lane88@hotmail.com;56124;embrace Developer;84891;true;true;Robust Networked;Poland;../fake-data/blob/hipster.txt
3;Small partnerships;Outdoors;Jarrell_Haley@yahoo.com;69551;Concrete Investment Account Saint Lucia;20306;false;true;Money Market Account;Salad Web virtual;../fake-data/blob/hipster.txt
4;Refined Squares;maroon;Shaun80@hotmail.com;12208;granular Direct contextually-based;64769;false;false;cutting-edge ability Hat;supply-chains magenta;../fake-data/blob/hipster.txt
5;encompassing;Directives;Dagmar_Larson@gmail.com;40383;Tasty Concrete Chips Exclusive;69630;false;true;Plastic;Computers Personal Loan Account Berkshire;../fake-data/blob/hipster.txt
6;Home;Investor Public-key;Justine_Kuhn@gmail.com;55289;Credit Card Account;8085;true;false;Re-contextualized;web-enabled invoice withdrawal;../fake-data/blob/hipster.txt
7;bypassing optical;installation;Maurice_Bauch32@gmail.com;67756;Clothing;51209;true;false;deposit Sausages;disintermediate Cambridgeshire hacking;../fake-data/blob/hipster.txt
8;bricks-and-clicks Concrete Global;Fiji Dollar Profound Bacon;Kaylah.Larkin@hotmail.com;24185;Tasty Customer Human;63310;false;false;cross-media;programming SCSI drive;../fake-data/blob/hipster.txt
9;invoice Unbranded Cheese;New Zealand Dollar Alabama transform;Malachi28@hotmail.com;16080;Latvia;69189;false;true;Devolved driver Networked;Fish;../fake-data/blob/hipster.txt
10;payment calculating;local area network Benin;Fredy25@yahoo.com;24398;Strategist target;89204;true;true;cross-platform Borders;Libyan Dinar CSS;../fake-data/blob/hipster.txt
