id;ident;name;description;begin_date;end_date;active
1;Savings Account;SMTP;../fake-data/blob/hipster.txt;2019-10-27;2019-10-28;false
2;background Baby;Kyrgyz Republic transmit;../fake-data/blob/hipster.txt;2019-10-28;2019-10-28;true
3;Vietnam California PNG;Connecticut Burg;../fake-data/blob/hipster.txt;2019-10-28;2019-10-27;true
4;payment digital;Rubber Industrial seamless;../fake-data/blob/hipster.txt;2019-10-28;2019-10-28;false
5;partnerships International;Luxembourg Spurs;../fake-data/blob/hipster.txt;2019-10-27;2019-10-28;false
6;Switzerland CFP Franc;Granite Configuration Buckinghamshire;../fake-data/blob/hipster.txt;2019-10-28;2019-10-28;false
7;Orchestrator;frictionless orchid;../fake-data/blob/hipster.txt;2019-10-28;2019-10-28;false
8;Brunei Darussalam;Rubber Shirt;../fake-data/blob/hipster.txt;2019-10-28;2019-10-28;true
9;Chicken;e-business RSS;../fake-data/blob/hipster.txt;2019-10-28;2019-10-28;true
